{
  "fold_0": {
    "train_loss": [
      1.668747,
      1.435882,
      1.351835,
      1.283727,
      1.222753,
      1.200688,
      1.165836,
      1.162741,
      1.113803,
      1.111347,
      1.127621,
      1.063694,
      1.060694,
      1.057007,
      1.026725,
      1.037257,
      1.005705,
      1.001024,
      0.992906,
      0.965403,
      0.942205,
      0.937309,
      0.932049,
      0.921947,
      0.916126
    ],
    "val_loss": [
      1.420026,
      1.273195,
      1.241218,
      1.172471,
      1.187186,
      1.14829,
      1.093851,
      1.105212,
      1.055241,
      1.087444,
      1.027486,
      0.989679,
      0.982742,
      0.984068,
      1.024382,
      0.98625,
      0.992128,
      0.976089,
      0.96047,
      1.004741,
      1.002971,
      0.97662,
      0.958439,
      0.984695,
      0.972009
    ],
    "val_subtype_acc": [
      0.6914,
      0.7068,
      0.6852,
      0.7222,
      0.7346,
      0.7191,
      0.7778,
      0.7747,
      0.7469,
      0.7685,
      0.7809,
      0.8117,
      0.7716,
      0.7901,
      0.7716,
      0.8056,
      0.7932,
      0.7963,
      0.8056,
      0.787,
      0.7809,
      0.787,
      0.7901,
      0.7932,
      0.7963
    ],
    "val_freq_spearman": [
      0.4559,
      0.5634,
      0.5492,
      0.5007,
      0.5873,
      0.6017,
      0.6041,
      0.6252,
      0.6185,
      0.6007,
      0.6094,
      0.6235,
      0.6384,
      0.6331,
      0.6454,
      0.6204,
      0.6214,
      0.6386,
      0.6291,
      0.6339,
      0.6365,
      0.6343,
      0.636,
      0.6319,
      0.635
    ],
    "val_pd_auc": [
      0.7385,
      0.7433,
      0.7838,
      0.7892,
      0.7801,
      0.8036,
      0.8093,
      0.8077,
      0.8056,
      0.8074,
      0.841,
      0.815,
      0.8199,
      0.8186,
      0.8114,
      0.8387,
      0.8369,
      0.8404,
      0.8375,
      0.8374,
      0.8378,
      0.8311,
      0.8415,
      0.8449,
      0.8348
    ],
    "val_combined": [
      0.6286,
      0.6712,
      0.6727,
      0.6707,
      0.7007,
      0.7081,
      0.7304,
      0.7359,
      0.7237,
      0.7255,
      0.7437,
      0.7501,
      0.7433,
      0.7473,
      0.7428,
      0.7549,
      0.7505,
      0.7584,
      0.7574,
      0.7528,
      0.7517,
      0.7508,
      0.7559,
      0.7567,
      0.7554
    ]
  },
  "fold_1": {
    "train_loss": [
      1.62394,
      1.436361,
      1.395813,
      1.319105,
      1.324156,
      1.222232,
      1.231834,
      1.168871,
      1.161015,
      1.132015,
      1.136982,
      1.101853,
      1.086349,
      1.057488,
      1.055564,
      1.036838,
      1.034745,
      0.979483,
      0.986951,
      0.969841,
      0.955321,
      0.937038,
      0.931154,
      0.925188,
      0.927745,
      0.904986,
      0.903886,
      0.895171,
      0.894776,
      0.887651
    ],
    "val_loss": [
      1.639825,
      1.551015,
      1.509361,
      1.451929,
      1.521885,
      1.336574,
      1.25364,
      1.233015,
      1.221115,
      1.2139,
      1.284104,
      1.189733,
      1.259063,
      1.149961,
      1.313661,
      1.184823,
      1.255889,
      1.239681,
      1.14436,
      1.169922,
      1.154074,
      1.159749,
      1.236373,
      1.139689,
      1.164471,
      1.154335,
      1.159372,
      1.156333,
      1.155103,
      1.132758
    ],
    "val_subtype_acc": [
      0.5982,
      0.6276,
      0.6569,
      0.6716,
      0.654,
      0.6833,
      0.7067,
      0.7038,
      0.7009,
      0.7126,
      0.7126,
      0.695,
      0.7126,
      0.7361,
      0.6921,
      0.7185,
      0.7361,
      0.7038,
      0.7243,
      0.7243,
      0.739,
      0.7302,
      0.7302,
      0.7361,
      0.7243,
      0.7361,
      0.7097,
      0.7419,
      0.7361,
      0.7302
    ],
    "val_freq_spearman": [
      0.2491,
      0.3767,
      0.3051,
      0.4268,
      0.3998,
      0.4831,
      0.4568,
      0.5031,
      0.4583,
      0.5246,
      0.5145,
      0.5222,
      0.5054,
      0.5238,
      0.5097,
      0.4744,
      0.4999,
      0.5288,
      0.5087,
      0.5029,
      0.5193,
      0.5291,
      0.4984,
      0.5238,
      0.5082,
      0.5095,
      0.5194,
      0.5074,
      0.5005,
      0.51
    ],
    "val_pd_auc": [
      0.7542,
      0.7801,
      0.7764,
      0.7891,
      0.7822,
      0.8046,
      0.826,
      0.8328,
      0.8584,
      0.8405,
      0.8301,
      0.8649,
      0.8495,
      0.8508,
      0.8494,
      0.8668,
      0.8486,
      0.8559,
      0.871,
      0.8605,
      0.857,
      0.8569,
      0.8533,
      0.8565,
      0.855,
      0.862,
      0.8594,
      0.8637,
      0.8629,
      0.8611
    ],
    "val_combined": [
      0.5339,
      0.5948,
      0.5795,
      0.6291,
      0.612,
      0.657,
      0.6632,
      0.6799,
      0.6725,
      0.6926,
      0.6857,
      0.694,
      0.6892,
      0.7036,
      0.6837,
      0.6866,
      0.6949,
      0.6962,
      0.7013,
      0.6959,
      0.7051,
      0.7054,
      0.694,
      0.7054,
      0.6958,
      0.7025,
      0.6961,
      0.7043,
      0.6998,
      0.7004
    ]
  },
  "fold_2": {
    "train_loss": [
      1.72999,
      1.477557,
      1.39565,
      1.354018,
      1.299667,
      1.26529,
      1.225424,
      1.213323,
      1.141069,
      1.18261,
      1.154377,
      1.083031,
      1.111442,
      1.091419,
      1.060581,
      1.024709,
      1.007724,
      1.024612,
      0.984886,
      0.969156,
      0.960025,
      0.954807
    ],
    "val_loss": [
      1.426146,
      1.369526,
      1.342136,
      1.287536,
      1.235739,
      1.326785,
      1.121946,
      1.102016,
      1.196705,
      1.149296,
      1.043025,
      1.028453,
      1.042714,
      1.135539,
      1.030322,
      1.016024,
      1.022747,
      0.995104,
      1.007966,
      1.055785,
      1.052335,
      1.049482
    ],
    "val_subtype_acc": [
      0.6676,
      0.6733,
      0.6989,
      0.7244,
      0.7358,
      0.6847,
      0.7614,
      0.7898,
      0.7557,
      0.7358,
      0.7869,
      0.7841,
      0.7812,
      0.7528,
      0.7926,
      0.8011,
      0.7926,
      0.7898,
      0.7841,
      0.7869,
      0.7699,
      0.75
    ],
    "val_freq_spearman": [
      0.3393,
      0.3183,
      0.4026,
      0.4395,
      0.4075,
      0.4182,
      0.5052,
      0.4759,
      0.4652,
      0.4381,
      0.4816,
      0.4824,
      0.4925,
      0.4867,
      0.5078,
      0.4904,
      0.4855,
      0.4853,
      0.5053,
      0.4853,
      0.4879,
      0.4958
    ],
    "val_pd_auc": [
      0.7538,
      0.7635,
      0.7878,
      0.8027,
      0.8091,
      0.7878,
      0.8137,
      0.8133,
      0.825,
      0.812,
      0.8122,
      0.8221,
      0.8198,
      0.8161,
      0.8273,
      0.8286,
      0.822,
      0.8277,
      0.8287,
      0.831,
      0.8325,
      0.8234
    ],
    "val_combined": [
      0.5869,
      0.585,
      0.6297,
      0.6555,
      0.6508,
      0.6302,
      0.6934,
      0.693,
      0.682,
      0.6619,
      0.6936,
      0.6962,
      0.6979,
      0.6852,
      0.7092,
      0.7067,
      0.7,
      0.7009,
      0.706,
      0.7011,
      0.6967,
      0.6897
    ]
  },
  "fold_3": {
    "train_loss": [
      1.726519,
      1.464349,
      1.408725,
      1.296578,
      1.270353,
      1.205513,
      1.182063,
      1.147453,
      1.140603,
      1.078843,
      1.075255,
      1.064383,
      1.059312,
      1.029931,
      1.009107,
      1.007154
    ],
    "val_loss": [
      1.645995,
      1.509095,
      1.377178,
      1.388134,
      1.378726,
      1.263409,
      1.231851,
      1.225429,
      1.219644,
      1.176457,
      1.195221,
      1.216456,
      1.19827,
      1.205688,
      1.168053,
      1.243059
    ],